{
  "timestamp": "2026-05-23 03:28:23",
  "duration_sec": 61.8,
  "sources_total": 30,
  "sources_healthy": 30,
  "nodes_raw": 13460,
  "nodes_dedup": 8381,
  "nodes_tcp_ok": 261,
  "nodes_real_ok": 41,
  "nodes_verified_output": 41,
  "protocol_dist": {
    "shadowsocks": 4488,
    "vless": 4809,
    "vmess": 2720,
    "trojan": 1301,
    "hysteria2": 17,
    "hysteria": 3,
    "tuic": 1,
    "socks": 33,
    "shadowsocksr": 88
  },
  "top_latencies_ms": [
    59.386398333344914,
    74.96411599999912,
    75.60569066668184,
    75.85750466666734,
    76.46078133332897,
    77.56891799999721,
    79.49229099999873,
    79.90179533333237,
    80.34600466666575,
    82.71737066666181,
    87.76280666666025,
    94.08668133333246,
    97.36229366667241,
    102.75563500000355,
    107.90409700000698,
    164.80063166667,
    166.63525533332782,
    166.8895076666672,
    169.33801066665902,
    185.3993576666729
  ]
}