{
  "timestamp": "2026-05-25 14:57:48",
  "duration_sec": 68.0,
  "sources_total": 30,
  "sources_healthy": 30,
  "nodes_raw": 12929,
  "nodes_dedup": 8382,
  "nodes_tcp_ok": 262,
  "nodes_real_ok": 41,
  "nodes_verified_output": 39,
  "protocol_dist": {
    "shadowsocks": 4456,
    "vless": 4394,
    "vmess": 2564,
    "trojan": 1338,
    "hysteria2": 17,
    "hysteria": 3,
    "tuic": 1,
    "socks": 64,
    "http": 4,
    "shadowsocksr": 88
  },
  "top_latencies_ms": [
    61.96480333333435,
    62.46736999997893,
    65.67752933333774,
    68.07797633335137,
    74.6977716666682,
    78.42363100000209,
    79.4074409999818,
    81.40609033332187,
    81.5096340000044,
    81.6540383333404,
    82.56420133333602,
    82.9072389999889,
    84.40978633332936,
    85.24368600001253,
    86.15158766667719,
    93.40829500001746,
    94.66537833333177,
    104.59649766664825,
    161.86736533334548,
    167.79601566666238
  ]
}