{
  "timestamp": "2026-05-23 19:14:19",
  "duration_sec": 68.5,
  "sources_total": 30,
  "sources_healthy": 30,
  "nodes_raw": 13409,
  "nodes_dedup": 8428,
  "nodes_tcp_ok": 266,
  "nodes_real_ok": 44,
  "nodes_verified_output": 41,
  "protocol_dist": {
    "shadowsocks": 4488,
    "vless": 4866,
    "vmess": 2601,
    "trojan": 1293,
    "hysteria2": 13,
    "hysteria": 3,
    "tuic": 1,
    "socks": 42,
    "http": 14,
    "shadowsocksr": 88
  },
  "top_latencies_ms": [
    64.05368866666095,
    64.52352133334216,
    64.75905866667138,
    65.36514200001875,
    72.31591666667707,
    93.94791566666072,
    101.74978100000469,
    108.85741033333336,
    111.18983900000028,
    136.56736999998506,
    136.89175566668155,
    139.17177233330827,
    143.0969836666615,
    151.273471999995,
    164.34831833333874,
    181.81606566666156,
    182.69984033332776,
    193.8828850000315,
    194.6981000000013,
    196.02356699999746
  ]
}