{
  "timestamp": "2026-05-26 15:36:21",
  "duration_sec": 66.4,
  "sources_total": 30,
  "sources_healthy": 30,
  "nodes_raw": 13067,
  "nodes_dedup": 8215,
  "nodes_tcp_ok": 236,
  "nodes_real_ok": 33,
  "nodes_verified_output": 29,
  "protocol_dist": {
    "vmess": 2545,
    "shadowsocks": 4489,
    "vless": 4490,
    "trojan": 1397,
    "hysteria2": 17,
    "hysteria": 3,
    "tuic": 1,
    "socks": 29,
    "http": 8,
    "shadowsocksr": 88
  },
  "top_latencies_ms": [
    31.86155866667188,
    33.62228299998075,
    36.253672666674674,
    48.9126899999898,
    50.447181666669394,
    51.70726766667144,
    54.84423133334341,
    56.28572866665612,
    65.17008033333127,
    66.12487733333221,
    87.97162866666024,
    98.73404233332887,
    102.82003699999602,
    115.57351666666212,
    115.86172966665724,
    116.71554866667104,
    116.72593433334555,
    118.18875166666014,
    199.8108370000106,
    202.4138136666712
  ]
}