{
  "timestamp": "2026-05-28 10:06:55",
  "duration_sec": 58.4,
  "sources_total": 30,
  "sources_healthy": 30,
  "nodes_raw": 13416,
  "nodes_dedup": 7944,
  "nodes_tcp_ok": 238,
  "nodes_real_ok": 24,
  "nodes_verified_output": 22,
  "protocol_dist": {
    "shadowsocks": 4241,
    "vmess": 2676,
    "vless": 5346,
    "trojan": 1016,
    "hysteria2": 18,
    "hysteria": 3,
    "tuic": 1,
    "socks": 18,
    "http": 8,
    "shadowsocksr": 89
  },
  "top_latencies_ms": [
    62.845330666666165,
    65.24444233334255,
    65.69003966666287,
    65.83373500000296,
    94.60872733333758,
    133.59759733333476,
    133.7515943333282,
    138.33488299999885,
    170.9941113333381,
    176.13544866666567,
    182.31911833332978,
    182.79262133332472,
    183.6339690000083,
    184.05688666665773,
    188.02052600000252,
    189.0402540000101,
    205.87962700000162,
    211.13554066666515,
    213.46425766666735,
    337.6488199999983
  ]
}