{
  "timestamp": "2026-05-26 20:12:17",
  "duration_sec": 74.6,
  "sources_total": 30,
  "sources_healthy": 30,
  "nodes_raw": 13105,
  "nodes_dedup": 8192,
  "nodes_tcp_ok": 262,
  "nodes_real_ok": 36,
  "nodes_verified_output": 32,
  "protocol_dist": {
    "vmess": 2537,
    "vless": 4642,
    "shadowsocks": 4482,
    "trojan": 1315,
    "hysteria2": 17,
    "hysteria": 3,
    "tuic": 1,
    "socks": 12,
    "http": 8,
    "shadowsocksr": 88
  },
  "top_latencies_ms": [
    64.71198933333255,
    65.333552333333,
    66.77298966667422,
    67.82772500000551,
    68.9069369999989,
    137.42706700000915,
    140.33895599999843,
    143.77355433333605,
    146.69372533333083,
    156.61933766666417,
    157.86104499999945,
    167.33351500000046,
    179.18960766666223,
    179.8839886666741,
    180.82608366666383,
    181.9763393333318,
    185.8190476666645,
    186.86860466666624,
    188.63963866666703,
    281.7487466666601
  ]
}