{
  "timestamp": "2026-05-22 03:52:11",
  "duration_sec": 63.5,
  "sources_total": 30,
  "sources_healthy": 30,
  "nodes_raw": 13794,
  "nodes_dedup": 8510,
  "nodes_tcp_ok": 296,
  "nodes_real_ok": 43,
  "nodes_verified_output": 43,
  "protocol_dist": {
    "shadowsocks": 4496,
    "vless": 5035,
    "trojan": 1374,
    "vmess": 2749,
    "hysteria2": 16,
    "hysteria": 3,
    "tuic": 1,
    "socks": 32,
    "shadowsocksr": 88
  },
  "top_latencies_ms": [
    34.44521500000045,
    39.02224566666727,
    39.48624399999782,
    40.15960466666021,
    40.42189133333333,
    44.596623333338435,
    45.98526400000461,
    50.51618299999442,
    90.2548323333292,
    110.14717433333487,
    115.49830433333834,
    116.84473966667024,
    117.43702599999988,
    118.51563233333688,
    118.56222166666915,
    122.02897766665899,
    127.35711099999492,
    173.86084733333007,
    197.52700533333703,
    205.86164733333115
  ]
}