{
  "timestamp": "2026-05-29 03:50:26",
  "duration_sec": 63.5,
  "sources_total": 30,
  "sources_healthy": 30,
  "nodes_raw": 13736,
  "nodes_dedup": 8004,
  "nodes_tcp_ok": 237,
  "nodes_real_ok": 31,
  "nodes_verified_output": 30,
  "protocol_dist": {
    "shadowsocks": 4225,
    "vmess": 2718,
    "vless": 5533,
    "trojan": 1131,
    "hysteria2": 17,
    "hysteria": 3,
    "tuic": 1,
    "socks": 13,
    "http": 4,
    "shadowsocksr": 91
  },
  "top_latencies_ms": [
    63.53005733333816,
    65.24796266666044,
    66.89394499999442,
    66.9469720000014,
    79.20402066666081,
    133.3659326666634,
    133.73459099999727,
    144.45094066667252,
    152.65211733333217,
    153.6220566666676,
    156.51631466666535,
    174.72441400000585,
    187.35981766666518,
    188.69724300000712,
    190.17494266666782,
    200.9720843333298,
    209.9390240000029,
    212.65906866667214,
    215.40853266666696,
    234.30512266667355
  ]
}