{
  "timestamp": "2026-05-19 02:55:21",
  "duration_sec": 47.8,
  "sources_total": 20,
  "sources_healthy": 20,
  "nodes_raw": 7600,
  "nodes_dedup": 4764,
  "nodes_tcp_ok": 253,
  "nodes_real_ok": 57,
  "nodes_verified_output": 57,
  "protocol_dist": {
    "vmess": 322,
    "shadowsocks": 2149,
    "vless": 4830,
    "trojan": 241,
    "hysteria2": 14,
    "hysteria": 3,
    "tuic": 1,
    "socks": 38,
    "shadowsocksr": 2
  },
  "top_latencies_ms": [
    48.77983300000229,
    50.459322999998335,
    52.173435666669356,
    52.649718666671674,
    55.213760666665245,
    87.60361000000216,
    91.08032333332972,
    100.13692066666142,
    104.6275990000017,
    105.93809533333835,
    108.02173333334035,
    108.06717966666213,
    108.66142066668279,
    115.86688833333388,
    117.8183383333457,
    126.0936680000005,
    182.71464499999487,
    199.22635233334063,
    199.47685600000398,
    204.56353800000215
  ]
}