{
  "timestamp": "2026-05-19 15:29:32",
  "duration_sec": 63.6,
  "sources_total": 30,
  "sources_healthy": 30,
  "nodes_raw": 13282,
  "nodes_dedup": 8308,
  "nodes_tcp_ok": 261,
  "nodes_real_ok": 39,
  "nodes_verified_output": 39,
  "protocol_dist": {
    "shadowsocks": 4476,
    "vmess": 2588,
    "vless": 4855,
    "trojan": 1217,
    "hysteria2": 17,
    "hysteria": 3,
    "tuic": 1,
    "socks": 36,
    "shadowsocksr": 88,
    "http": 1
  },
  "top_latencies_ms": [
    71.50933966667121,
    73.4989286666708,
    74.19335866666661,
    74.41934366666676,
    100.10623499999838,
    130.3388323333318,
    136.5386213333295,
    137.6282840000016,
    138.61043866667444,
    142.7047856666661,
    159.8463773333331,
    164.3451203333323,
    199.4189889999992,
    223.716943333334,
    225.1371346666673,
    228.95368733333044,
    233.47519966666633,
    242.97975899999832,
    247.2039603333324,
    257.8540803333311
  ]
}