{
  "timestamp": "2026-05-29 20:29:13",
  "duration_sec": 63.8,
  "sources_total": 30,
  "sources_healthy": 30,
  "nodes_raw": 13504,
  "nodes_dedup": 7907,
  "nodes_tcp_ok": 237,
  "nodes_real_ok": 28,
  "nodes_verified_output": 27,
  "protocol_dist": {
    "shadowsocks": 4130,
    "vmess": 2694,
    "vless": 5464,
    "trojan": 1090,
    "hysteria2": 15,
    "hysteria": 3,
    "tuic": 1,
    "socks": 12,
    "http": 4,
    "shadowsocksr": 91
  },
  "top_latencies_ms": [
    37.91774633333015,
    52.448847666667575,
    80.67085399999978,
    83.4872563333325,
    83.84952899999594,
    84.40633566666615,
    84.8354860000029,
    87.74413666666685,
    88.3743969999955,
    88.67251266667135,
    90.00754500000123,
    91.2634903333327,
    92.63252499999908,
    113.5164363333369,
    172.8892830000035,
    177.45027700000074,
    179.41539300000406,
    189.94874999999922,
    191.7827983333306,
    194.07026633333166
  ]
}