{
  "timestamp": "2026-05-21 15:32:50",
  "duration_sec": 61.4,
  "sources_total": 30,
  "sources_healthy": 29,
  "nodes_raw": 13603,
  "nodes_dedup": 8573,
  "nodes_tcp_ok": 262,
  "nodes_real_ok": 41,
  "nodes_verified_output": 41,
  "protocol_dist": {
    "shadowsocks": 4477,
    "vless": 4966,
    "trojan": 1301,
    "vmess": 2702,
    "hysteria2": 24,
    "hysteria": 3,
    "tuic": 1,
    "socks": 41,
    "shadowsocksr": 88
  },
  "top_latencies_ms": [
    68.31261366667718,
    78.02794299999505,
    78.04537566666643,
    79.26725000000563,
    80.58342033334043,
    81.31873499998694,
    84.64401633332841,
    85.43630133332651,
    86.78439733333221,
    87.85821433334225,
    89.82678133333859,
    92.2122346666659,
    96.85310366666992,
    105.63066566667582,
    111.94057533333535,
    117.1589909999966,
    118.51605433333627,
    162.64134100001115,
    164.15915166667597,
    179.15434600000899
  ]
}