{
  "timestamp": "2026-05-31 08:49:17",
  "duration_sec": 65.5,
  "sources_total": 30,
  "sources_healthy": 30,
  "nodes_raw": 14150,
  "nodes_dedup": 8117,
  "nodes_tcp_ok": 240,
  "nodes_real_ok": 29,
  "nodes_verified_output": 26,
  "protocol_dist": {
    "shadowsocks": 4260,
    "vmess": 2694,
    "trojan": 1132,
    "vless": 5930,
    "hysteria2": 23,
    "hysteria": 3,
    "tuic": 1,
    "socks": 12,
    "http": 6,
    "shadowsocksr": 89
  },
  "top_latencies_ms": [
    78.55885433334227,
    79.50165466666685,
    79.72992766666209,
    82.26063600000089,
    82.43024799999905,
    83.94440099999656,
    84.03568333333548,
    84.31115966666407,
    85.61710699999973,
    86.4683169999978,
    86.84273266666291,
    90.21175599999746,
    113.5532653333371,
    122.25709366666138,
    165.46244099999777,
    169.07334666666904,
    172.86341799999624,
    219.47926966666387,
    222.52899966666462,
    295.8638086666667
  ]
}