{
  "timestamp": "2026-05-24 13:40:17",
  "duration_sec": 61.6,
  "sources_total": 30,
  "sources_healthy": 30,
  "nodes_raw": 13254,
  "nodes_dedup": 8316,
  "nodes_tcp_ok": 239,
  "nodes_real_ok": 39,
  "nodes_verified_output": 36,
  "protocol_dist": {
    "shadowsocks": 4514,
    "vless": 4626,
    "trojan": 1221,
    "vmess": 2726,
    "hysteria2": 24,
    "hysteria": 3,
    "tuic": 1,
    "socks": 37,
    "http": 14,
    "shadowsocksr": 88
  },
  "top_latencies_ms": [
    38.671931333330654,
    44.54005466666899,
    45.05893333332741,
    45.18845366667771,
    46.04751666667539,
    46.91525300000876,
    47.394256999988706,
    50.092904666665085,
    74.94850333333147,
    96.44188266666258,
    104.41865299999147,
    114.60778033332986,
    115.23470899999211,
    116.02274433333075,
    116.95866466666871,
    117.21288399999708,
    134.64533633332584,
    198.43557066667472,
    206.80863433331828,
    254.47817800000885
  ]
}