{
  "timestamp": "2026-05-31 13:49:03",
  "duration_sec": 69.0,
  "sources_total": 30,
  "sources_healthy": 30,
  "nodes_raw": 14248,
  "nodes_dedup": 8142,
  "nodes_tcp_ok": 240,
  "nodes_real_ok": 29,
  "nodes_verified_output": 27,
  "protocol_dist": {
    "shadowsocks": 4232,
    "vmess": 2695,
    "trojan": 1107,
    "vless": 6080,
    "hysteria2": 23,
    "hysteria": 3,
    "tuic": 1,
    "socks": 12,
    "http": 6,
    "shadowsocksr": 89
  },
  "top_latencies_ms": [
    53.24070466666816,
    53.31611866666227,
    56.377504666665835,
    56.5167986666637,
    64.93731066666915,
    66.03897833333387,
    100.65064333333378,
    101.24848700000182,
    105.01551966666511,
    108.06690966667058,
    114.42168366666768,
    115.04914399999677,
    115.3207893333293,
    118.47025066666579,
    182.35140533333075,
    195.0550583333334,
    204.22818500000042,
    209.81777733333237,
    212.7188706666677,
    216.36394866666345
  ]
}