{
  "timestamp": "2026-05-19 19:55:06",
  "duration_sec": 62.7,
  "sources_total": 30,
  "sources_healthy": 30,
  "nodes_raw": 13267,
  "nodes_dedup": 8398,
  "nodes_tcp_ok": 263,
  "nodes_real_ok": 33,
  "nodes_verified_output": 33,
  "protocol_dist": {
    "shadowsocks": 4472,
    "vmess": 2594,
    "vless": 4827,
    "hysteria2": 21,
    "trojan": 1217,
    "hysteria": 4,
    "tuic": 2,
    "socks": 41,
    "shadowsocksr": 88,
    "http": 1
  },
  "top_latencies_ms": [
    36.87289633333535,
    38.63672099999841,
    38.70536999999293,
    38.98297800000705,
    39.671745333341356,
    40.924688666658916,
    77.89958833333799,
    83.98534766666899,
    95.06341633333666,
    110.56688033333255,
    110.60571233332439,
    110.81755433333267,
    112.59132333333355,
    118.12220800000735,
    163.40284599999677,
    192.27564066667924,
    200.9667253333305,
    245.94181333333154,
    251.4546206666637,
    260.08955966666275
  ]
}