{
  "timestamp": "2026-05-26 03:43:52",
  "duration_sec": 65.1,
  "sources_total": 30,
  "sources_healthy": 30,
  "nodes_raw": 13180,
  "nodes_dedup": 8264,
  "nodes_tcp_ok": 262,
  "nodes_real_ok": 41,
  "nodes_verified_output": 40,
  "protocol_dist": {
    "shadowsocks": 4493,
    "vless": 4489,
    "vmess": 2684,
    "trojan": 1366,
    "hysteria2": 17,
    "hysteria": 3,
    "tuic": 1,
    "socks": 34,
    "http": 4,
    "shadowsocksr": 89
  },
  "top_latencies_ms": [
    36.72403133333546,
    56.10029833333385,
    69.13558166666196,
    71.27546933332951,
    74.00243766666865,
    74.58742199999809,
    76.84372766666077,
    77.72605166665869,
    77.8800389999977,
    78.00992966666816,
    78.11846866666865,
    78.94507833333364,
    81.55684533333367,
    82.0320846666694,
    83.63061600000303,
    89.21239033333468,
    89.61068999999593,
    96.29446166666848,
    97.06205600000335,
    107.32000366667194
  ]
}