{
  "timestamp": "2026-05-27 20:22:09",
  "duration_sec": 61.2,
  "sources_total": 30,
  "sources_healthy": 30,
  "nodes_raw": 13235,
  "nodes_dedup": 8120,
  "nodes_tcp_ok": 237,
  "nodes_real_ok": 28,
  "nodes_verified_output": 26,
  "protocol_dist": {
    "vmess": 2732,
    "shadowsocks": 4502,
    "vless": 4788,
    "trojan": 1078,
    "hysteria2": 17,
    "hysteria": 3,
    "tuic": 1,
    "socks": 18,
    "http": 8,
    "shadowsocksr": 88
  },
  "top_latencies_ms": [
    39.82911000000892,
    40.496778999994376,
    41.741843333331495,
    42.280018333334134,
    48.60189400000081,
    64.53857499999079,
    97.42207066666235,
    98.45744500000819,
    104.42116500000036,
    106.870117333339,
    108.94018100000835,
    117.39270766667194,
    120.43442033332023,
    121.62791999998983,
    123.27845699999784,
    126.94177800000261,
    194.9004916666676,
    201.6705196666635,
    245.06791233333539,
    247.83775900000174
  ]
}