{
  "timestamp": "2026-05-30 03:35:52",
  "duration_sec": 61.8,
  "sources_total": 30,
  "sources_healthy": 30,
  "nodes_raw": 13804,
  "nodes_dedup": 8047,
  "nodes_tcp_ok": 264,
  "nodes_real_ok": 34,
  "nodes_verified_output": 33,
  "protocol_dist": {
    "vmess": 2899,
    "shadowsocks": 4160,
    "vless": 5485,
    "trojan": 1134,
    "hysteria2": 15,
    "hysteria": 3,
    "tuic": 1,
    "socks": 12,
    "http": 4,
    "shadowsocksr": 91
  },
  "top_latencies_ms": [
    77.77883833333021,
    81.86558966666742,
    82.53817866667153,
    83.37412100000563,
    84.38139366666537,
    86.09357200000527,
    87.00216333332851,
    87.21836733333532,
    87.97857333334018,
    88.42349233333853,
    88.72505600000598,
    89.69069133334055,
    91.6700670000002,
    91.98618633333903,
    97.6742556666655,
    105.7244689999995,
    162.8540006666744,
    164.28649700000145,
    168.7719390000003,
    172.79830166666935
  ]
}