{
  "timestamp": "2026-05-28 03:48:50",
  "duration_sec": 65.2,
  "sources_total": 30,
  "sources_healthy": 30,
  "nodes_raw": 13618,
  "nodes_dedup": 8192,
  "nodes_tcp_ok": 266,
  "nodes_real_ok": 31,
  "nodes_verified_output": 30,
  "protocol_dist": {
    "shadowsocks": 4483,
    "vmess": 2615,
    "vless": 5307,
    "trojan": 1079,
    "hysteria2": 16,
    "hysteria": 3,
    "tuic": 1,
    "socks": 18,
    "http": 8,
    "shadowsocksr": 88
  },
  "top_latencies_ms": [
    85.28222966666969,
    86.92934966666144,
    95.75401500002083,
    110.63896433333298,
    120.28146066667016,
    127.57683000000004,
    130.02412466666632,
    131.9620416666775,
    132.65776166666873,
    134.60860666666008,
    146.3563360000061,
    187.2048750000014,
    212.6210280000104,
    215.3763293333384,
    218.28674533333015,
    219.56462599999327,
    238.0233806666657,
    241.9692753333417,
    242.03573633332098,
    266.82212466666516
  ]
}