{
  "timestamp": "2026-05-25 10:11:34",
  "duration_sec": 61.5,
  "sources_total": 30,
  "sources_healthy": 30,
  "nodes_raw": 12914,
  "nodes_dedup": 8233,
  "nodes_tcp_ok": 238,
  "nodes_real_ok": 40,
  "nodes_verified_output": 38,
  "protocol_dist": {
    "shadowsocks": 4502,
    "vless": 4438,
    "vmess": 2603,
    "trojan": 1200,
    "hysteria2": 24,
    "hysteria": 3,
    "tuic": 1,
    "socks": 41,
    "http": 14,
    "shadowsocksr": 88
  },
  "top_latencies_ms": [
    52.5412943333284,
    62.834410666653184,
    71.36165033332986,
    71.97810699999725,
    73.22790733332833,
    76.65925533333014,
    78.81738733332593,
    90.0310723333367,
    96.50986766665899,
    107.32847233333587,
    121.41338866667677,
    122.52891299999646,
    127.88906100000001,
    128.0612959999985,
    131.64535866667393,
    132.2243343333298,
    134.29420466667352,
    144.497864666666,
    173.9701893333366,
    212.10624833332758
  ]
}