{
  "timestamp": "2026-05-28 16:02:40",
  "duration_sec": 58.8,
  "sources_total": 30,
  "sources_healthy": 30,
  "nodes_raw": 13368,
  "nodes_dedup": 7901,
  "nodes_tcp_ok": 262,
  "nodes_real_ok": 25,
  "nodes_verified_output": 23,
  "protocol_dist": {
    "shadowsocks": 4229,
    "vmess": 2700,
    "vless": 5282,
    "trojan": 1026,
    "hysteria2": 18,
    "hysteria": 3,
    "tuic": 1,
    "socks": 14,
    "http": 4,
    "shadowsocksr": 91
  },
  "top_latencies_ms": [
    38.3589036666668,
    38.87597100000543,
    40.782190000001606,
    89.62793266666817,
    115.90851500000099,
    116.10504299999984,
    120.52054466666107,
    121.22917333333305,
    121.25399433333921,
    129.4280059999977,
    192.57118600000447,
    192.67395399999998,
    228.4645203333279,
    269.7182829999984,
    283.4906706666705,
    289.6642373333312,
    357.22919133333636,
    525.533552666668,
    593.6970546666629,
    656.9970926666666
  ]
}