{
  "timestamp": "2026-05-18 01:39:27",
  "duration_sec": 21.2,
  "sources_total": 51,
  "sources_healthy": 20,
  "nodes_raw": 7213,
  "nodes_dedup": 4623,
  "nodes_tcp_ok": 1583,
  "nodes_real_ok": 1583,
  "nodes_output": 100,
  "protocol_dist": {
    "shadowsocks": 2220,
    "vmess": 285,
    "vless": 4433,
    "trojan": 217,
    "hysteria2": 19,
    "hysteria": 3,
    "tuic": 1,
    "socks": 33,
    "shadowsocksr": 2
  },
  "top_latencies_ms": [
    1.8521670008340152,
    2.492738000000827,
    8.47139200050151,
    8.487461998811341,
    8.496055999785312,
    8.506301999659627,
    8.5116520003794,
    8.516961001078016,
    8.530758001143113,
    8.54836199869169,
    8.567166998545872,
    8.596206998845446,
    8.601014998930623,
    8.604407999882824,
    8.60984499922779,
    8.616588998847874,
    8.628156998383929,
    8.631859000161057,
    8.63285299965355,
    8.641487000204506
  ]
}