{
  "timestamp": "2026-05-29 09:58:21",
  "duration_sec": 59.6,
  "sources_total": 30,
  "sources_healthy": 30,
  "nodes_raw": 13713,
  "nodes_dedup": 7964,
  "nodes_tcp_ok": 239,
  "nodes_real_ok": 23,
  "nodes_verified_output": 22,
  "protocol_dist": {
    "shadowsocks": 4158,
    "vmess": 2737,
    "vless": 5470,
    "hysteria2": 19,
    "trojan": 1217,
    "hysteria": 3,
    "tuic": 1,
    "socks": 13,
    "http": 4,
    "shadowsocksr": 91
  },
  "top_latencies_ms": [
    31.59465933332702,
    38.043333666668865,
    48.62183600000473,
    85.01197433333611,
    87.0475906666665,
    87.89472033333823,
    89.77296300001096,
    90.03179366666814,
    126.98937833332973,
    145.9125433333289,
    198.578301333337,
    202.10497100001135,
    203.66968333332616,
    215.3372260000026,
    338.22037066666627,
    339.7343150000059,
    348.2891110000139,
    520.6690316666709,
    562.7297033333415,
    917.0578706666769
  ]
}