{
  "timestamp": "2026-05-20 15:25:57",
  "duration_sec": 67.9,
  "sources_total": 30,
  "sources_healthy": 30,
  "nodes_raw": 13403,
  "nodes_dedup": 8383,
  "nodes_tcp_ok": 263,
  "nodes_real_ok": 39,
  "nodes_verified_output": 39,
  "protocol_dist": {
    "shadowsocks": 4469,
    "vmess": 2604,
    "vless": 4824,
    "trojan": 1356,
    "hysteria2": 16,
    "hysteria": 4,
    "tuic": 2,
    "socks": 40,
    "shadowsocksr": 88
  },
  "top_latencies_ms": [
    62.85081333333172,
    63.88604100000824,
    64.60825800000218,
    68.58663033332846,
    69.06634333333272,
    130.4536556666752,
    132.1721279999982,
    133.4219413333244,
    134.31483666667532,
    154.93218666666544,
    166.46382600000229,
    170.31525100000522,
    173.54546899999454,
    177.16947599999835,
    177.23195333332833,
    181.77238933333228,
    182.0749613333419,
    182.9068986666679,
    185.62581833333525,
    203.0772826666786
  ]
}