{
  "timestamp": "2026-05-19 09:49:52",
  "duration_sec": 64.3,
  "sources_total": 30,
  "sources_healthy": 30,
  "nodes_raw": 13418,
  "nodes_dedup": 8236,
  "nodes_tcp_ok": 262,
  "nodes_real_ok": 36,
  "nodes_verified_output": 36,
  "protocol_dist": {
    "shadowsocks": 4432,
    "vmess": 2589,
    "vless": 4960,
    "trojan": 1291,
    "hysteria2": 20,
    "hysteria": 3,
    "tuic": 1,
    "socks": 33,
    "shadowsocksr": 88,
    "http": 1
  },
  "top_latencies_ms": [
    33.85820366666318,
    34.406798000001494,
    34.90583333333556,
    37.88072966666789,
    39.857334666668486,
    84.56347100000035,
    98.1346993333337,
    110.22606133333568,
    110.61972100000143,
    116.17280500000031,
    117.73435366666263,
    155.64877066666818,
    194.28876100000045,
    194.92552933333704,
    222.75418933333432,
    243.9070996666667,
    255.00831233333088,
    257.6601006666692,
    265.80218966666774,
    271.5579736666693
  ]
}