{
  "timestamp": "2026-05-21 09:45:32",
  "duration_sec": 67.4,
  "sources_total": 30,
  "sources_healthy": 29,
  "nodes_raw": 13577,
  "nodes_dedup": 8545,
  "nodes_tcp_ok": 261,
  "nodes_real_ok": 41,
  "nodes_verified_output": 41,
  "protocol_dist": {
    "shadowsocks": 4484,
    "vmess": 2705,
    "vless": 4947,
    "trojan": 1287,
    "hysteria2": 22,
    "hysteria": 3,
    "tuic": 1,
    "socks": 40,
    "shadowsocksr": 88
  },
  "top_latencies_ms": [
    54.76292666666893,
    57.33761633333264,
    74.74250766667012,
    78.10854299999903,
    79.91139299999854,
    81.78504700000151,
    82.02092266667194,
    82.11512499999192,
    82.57330766666371,
    82.98829733333453,
    83.08078566667139,
    84.66778666666623,
    87.43774766666945,
    99.10412100000106,
    101.63805866667037,
    102.13415100000607,
    167.21066333333567,
    169.3921300000009,
    171.36125033333846,
    172.91417000000328
  ]
}