{
  "timestamp": "2026-05-29 15:39:17",
  "duration_sec": 64.6,
  "sources_total": 30,
  "sources_healthy": 30,
  "nodes_raw": 13576,
  "nodes_dedup": 7958,
  "nodes_tcp_ok": 263,
  "nodes_real_ok": 24,
  "nodes_verified_output": 23,
  "protocol_dist": {
    "shadowsocks": 4152,
    "vmess": 2729,
    "vless": 5448,
    "trojan": 1119,
    "hysteria2": 16,
    "hysteria": 3,
    "tuic": 1,
    "socks": 13,
    "http": 4,
    "shadowsocksr": 91
  },
  "top_latencies_ms": [
    39.65671166666122,
    40.03610933333827,
    41.291720666672894,
    41.46873333332716,
    48.2318606666657,
    96.35953833333133,
    117.30969133333247,
    118.73196566666404,
    120.11955166666628,
    120.57990866665591,
    122.39492166666348,
    130.88911666667022,
    166.09136933333465,
    187.9622970000033,
    200.55586866666886,
    207.51436800000533,
    268.68585099999603,
    299.4747840000021,
    317.85222666667323,
    360.27043633332784
  ]
}