{
  "timestamp": "2026-05-25 19:44:02",
  "duration_sec": 69.8,
  "sources_total": 30,
  "sources_healthy": 30,
  "nodes_raw": 13192,
  "nodes_dedup": 8277,
  "nodes_tcp_ok": 263,
  "nodes_real_ok": 39,
  "nodes_verified_output": 37,
  "protocol_dist": {
    "shadowsocks": 4481,
    "vmess": 2668,
    "vless": 4428,
    "trojan": 1464,
    "hysteria2": 17,
    "hysteria": 3,
    "tuic": 1,
    "socks": 37,
    "http": 4,
    "shadowsocksr": 89
  },
  "top_latencies_ms": [
    62.949398333349414,
    64.09177999999353,
    69.25758333333458,
    76.64413400002938,
    78.22208066666765,
    78.7508090000036,
    80.28788733334598,
    82.5538966666765,
    83.49695033335063,
    84.3455453333301,
    86.39777833334013,
    86.53645199999953,
    86.77974866666698,
    87.56737000002583,
    89.38387366665286,
    103.30205066666547,
    106.20321899998923,
    162.99517466666202,
    165.10659800000363,
    194.5142100000036
  ]
}