{
  "timestamp": "2026-05-24 19:20:48",
  "duration_sec": 60.1,
  "sources_total": 30,
  "sources_healthy": 30,
  "nodes_raw": 13290,
  "nodes_dedup": 8347,
  "nodes_tcp_ok": 239,
  "nodes_real_ok": 36,
  "nodes_verified_output": 33,
  "protocol_dist": {
    "shadowsocks": 4543,
    "vmess": 2730,
    "vless": 4639,
    "trojan": 1209,
    "hysteria2": 24,
    "hysteria": 3,
    "tuic": 1,
    "socks": 39,
    "http": 14,
    "shadowsocksr": 88
  },
  "top_latencies_ms": [
    37.270635333338,
    39.72397333332841,
    40.477719999993646,
    40.58508966666826,
    41.51252266668356,
    41.705110333339235,
    43.143191666672465,
    47.46067599997635,
    50.434691666661514,
    93.20843233333183,
    109.99111599998439,
    114.19664666667965,
    115.49319099998456,
    116.22882533331828,
    116.55678733332782,
    118.77639466668673,
    136.27206999999922,
    152.538829999988,
    201.85285500000796,
    202.40294400000872
  ]
}