{
  "timestamp": "2026-05-20 09:38:44",
  "duration_sec": 61.5,
  "sources_total": 30,
  "sources_healthy": 30,
  "nodes_raw": 13083,
  "nodes_dedup": 8233,
  "nodes_tcp_ok": 262,
  "nodes_real_ok": 39,
  "nodes_verified_output": 39,
  "protocol_dist": {
    "shadowsocks": 4447,
    "vmess": 2576,
    "vless": 4875,
    "trojan": 1033,
    "hysteria2": 14,
    "hysteria": 4,
    "tuic": 2,
    "socks": 44,
    "shadowsocksr": 88
  },
  "top_latencies_ms": [
    49.74757966668145,
    52.13575666666278,
    52.42226266667179,
    53.37866766668261,
    53.70595600000646,
    53.717718333321805,
    57.47747966665884,
    57.678436999992755,
    101.21276366665673,
    106.09383866667106,
    108.21726033333334,
    108.92255766666874,
    109.70321100001001,
    111.0920540000014,
    117.34646433332803,
    121.85546666667808,
    173.05146699997445,
    200.0541166666494,
    201.96604833336096,
    244.00487833332818
  ]
}