{
  "timestamp": "2026-05-23 13:40:31",
  "duration_sec": 72.5,
  "sources_total": 30,
  "sources_healthy": 30,
  "nodes_raw": 13647,
  "nodes_dedup": 8391,
  "nodes_tcp_ok": 266,
  "nodes_real_ok": 46,
  "nodes_verified_output": 40,
  "protocol_dist": {
    "shadowsocks": 4473,
    "vless": 4954,
    "trojan": 1374,
    "vmess": 2694,
    "hysteria2": 15,
    "hysteria": 3,
    "tuic": 1,
    "socks": 31,
    "http": 14,
    "shadowsocksr": 88
  },
  "top_latencies_ms": [
    64.15571299999101,
    64.66092533332812,
    66.68680633335573,
    71.00950433334674,
    74.10400999998501,
    96.72606166666735,
    112.56858100002394,
    113.99623433334227,
    136.2858790000132,
    145.37290866665367,
    146.21816733333995,
    157.59232866666176,
    172.5289966666613,
    176.26355799999752,
    183.75559133335173,
    184.231920000002,
    184.31267366666285,
    184.83669100000574,
    186.43253866666024,
    187.06942433330673
  ]
}