{
  "timestamp": "2026-05-19 03:36:23",
  "duration_sec": 63.8,
  "sources_total": 30,
  "sources_healthy": 30,
  "nodes_raw": 13518,
  "nodes_dedup": 8306,
  "nodes_tcp_ok": 262,
  "nodes_real_ok": 36,
  "nodes_verified_output": 36,
  "protocol_dist": {
    "vmess": 2688,
    "shadowsocks": 4452,
    "vless": 4885,
    "trojan": 1346,
    "hysteria2": 16,
    "hysteria": 3,
    "tuic": 1,
    "socks": 38,
    "shadowsocksr": 88,
    "http": 1
  },
  "top_latencies_ms": [
    49.6212003333388,
    51.0282836666723,
    51.51776200000313,
    52.79931166667969,
    58.831833666658895,
    72.86721699997163,
    92.92157933333556,
    102.24154900000333,
    104.05538000001495,
    107.40643000000698,
    108.36391799999016,
    108.88659299998456,
    109.49895600000066,
    113.06074566666287,
    201.88657666663326,
    208.29422633333175,
    216.388077666655,
    221.76677833332784,
    260.9852060000056,
    266.93962933334586
  ]
}