{
  "timestamp": "2026-05-27 15:50:19",
  "duration_sec": 69.9,
  "sources_total": 30,
  "sources_healthy": 30,
  "nodes_raw": 13059,
  "nodes_dedup": 8143,
  "nodes_tcp_ok": 264,
  "nodes_real_ok": 31,
  "nodes_verified_output": 28,
  "protocol_dist": {
    "vmess": 2569,
    "shadowsocks": 4473,
    "vless": 4792,
    "trojan": 1092,
    "hysteria2": 15,
    "hysteria": 3,
    "tuic": 1,
    "socks": 18,
    "http": 8,
    "shadowsocksr": 88
  },
  "top_latencies_ms": [
    38.33104633333543,
    40.47777166667288,
    40.71867666667117,
    41.91752166666163,
    43.10520200000193,
    45.948588333336225,
    49.08522533333818,
    97.10832633333173,
    119.65303100000331,
    119.88786333334171,
    120.89673933332772,
    123.21997399999891,
    151.04529399999933,
    200.1485226666707,
    250.1215996666654,
    250.99068199999408,
    273.44681966666445,
    274.9561096666658,
    281.86088933333525,
    285.8472483333306
  ]
}