{
  "timestamp": "2026-05-22 19:50:05",
  "duration_sec": 64.3,
  "sources_total": 30,
  "sources_healthy": 30,
  "nodes_raw": 13871,
  "nodes_dedup": 8533,
  "nodes_tcp_ok": 261,
  "nodes_real_ok": 42,
  "nodes_verified_output": 42,
  "protocol_dist": {
    "shadowsocks": 4476,
    "vless": 5052,
    "vmess": 2746,
    "trojan": 1440,
    "hysteria2": 15,
    "hysteria": 3,
    "tuic": 1,
    "socks": 50,
    "shadowsocksr": 88
  },
  "top_latencies_ms": [
    65.8655166666667,
    71.29676899999993,
    72.46258333333344,
    72.53557666666666,
    95.50908166667209,
    102.52650766666704,
    105.44837733333641,
    119.3643193333287,
    133.86948200000384,
    135.07886766666863,
    157.53699700000348,
    158.03492800000166,
    161.22087700000046,
    162.96915399999534,
    164.08230233333163,
    175.67991433332963,
    176.0664490000039,
    176.94230633333063,
    179.21875633332718,
    182.6478543333394
  ]
}