{
  "timestamp": "2026-05-31 04:01:57",
  "duration_sec": 58.0,
  "sources_total": 30,
  "sources_healthy": 30,
  "nodes_raw": 14091,
  "nodes_dedup": 8184,
  "nodes_tcp_ok": 239,
  "nodes_real_ok": 34,
  "nodes_verified_output": 32,
  "protocol_dist": {
    "shadowsocks": 4203,
    "vmess": 2808,
    "trojan": 1109,
    "vless": 5841,
    "hysteria2": 19,
    "hysteria": 3,
    "tuic": 1,
    "socks": 12,
    "http": 6,
    "shadowsocksr": 89
  },
  "top_latencies_ms": [
    36.74172866666936,
    37.046006999995974,
    37.10493866665843,
    37.577448333327844,
    37.69872266667562,
    45.94813300000548,
    52.86953900000905,
    87.73406833333297,
    88.4804456666662,
    90.11264199999876,
    92.62645733333368,
    106.59673999999579,
    115.01667633333075,
    117.25298666666124,
    119.50665933332516,
    120.88958966666989,
    122.06070533332536,
    123.89382899998698,
    124.60224400000659,
    179.29686166666178
  ]
}