{
  "timestamp": "2026-05-18 01:43:00",
  "duration_sec": 22.8,
  "sources_total": 51,
  "sources_healthy": 20,
  "nodes_raw": 7213,
  "nodes_dedup": 4623,
  "nodes_tcp_ok": 1553,
  "nodes_real_ok": 1553,
  "nodes_output": 100,
  "protocol_dist": {
    "shadowsocks": 2220,
    "vmess": 285,
    "vless": 4433,
    "trojan": 217,
    "hysteria2": 19,
    "hysteria": 3,
    "tuic": 1,
    "socks": 33,
    "shadowsocksr": 2
  },
  "top_latencies_ms": [
    5.329748999997719,
    5.341616000009708,
    5.367790999997624,
    5.408072000008701,
    5.425643999998897,
    5.441907999994555,
    5.461066000009396,
    5.474040999999374,
    5.4782370000054925,
    5.4858329999945,
    5.4907259999907865,
    5.494427000002133,
    5.495062999997913,
    5.4975420000005215,
    5.499944999996842,
    5.5015220000029785,
    5.504651999999055,
    5.527387000000772,
    5.530402000005097,
    5.5369909999996025
  ]
}