{
  "timestamp": "2026-05-28 20:27:06",
  "duration_sec": 66.0,
  "sources_total": 30,
  "sources_healthy": 30,
  "nodes_raw": 13427,
  "nodes_dedup": 8076,
  "nodes_tcp_ok": 264,
  "nodes_real_ok": 29,
  "nodes_verified_output": 28,
  "protocol_dist": {
    "shadowsocks": 4235,
    "vmess": 2744,
    "vless": 5271,
    "trojan": 1049,
    "hysteria2": 16,
    "hysteria": 3,
    "tuic": 1,
    "socks": 13,
    "http": 4,
    "shadowsocksr": 91
  },
  "top_latencies_ms": [
    62.88676866666757,
    64.62145566666777,
    80.73531833333429,
    81.12152433333127,
    82.58505366666687,
    83.07067100000154,
    83.27575833332901,
    83.74112233332671,
    83.96995666666858,
    85.92443000000098,
    87.38124366666493,
    109.38180200000147,
    136.31824766666986,
    151.7936153333371,
    163.38198566666526,
    167.3046030000004,
    171.3493500000046,
    220.4878889999975,
    220.57673000000003,
    306.2647600000001
  ]
}